"id","login"
58,"hcilab"
144,"villadora"
216,"fredwu"
218,"oipn4e2"
302,"equus12"
307,"stonegao"
333,"johndbritton"
376,"tianyicui"
425,"anirudhjoshi"
672,"llvm-mirror"
796,"kennethreitz"
896,"JakeWharton"
995,"isaacs"
1093,"marguerite"
1412,"wong2"
1570,"defunkt"
1736,"douglascrockford"
1779,"paulirish"
1880,"shiffman"
1903,"stig"
1934,"mislav"
1954,"visionmedia"
1979,"nikomatsakis"
1981,"graydon"
2080,"jdm"
2099,"quarnster"
2169,"sgolemon"
2289,"jonsterling"
2367,"futuretap"
2421,"jasperblues"
2427,"mattt"
2441,"lexrus"
2532,"mrdoob"
2699,"rivercg"
2823,"igrigorik"
2888,"pifoo"
2959,"HairyFotr"
3142,"charliesome"
3334,"saga"
3339,"be5invis"
3383,"virushuo"
3464,"stormluke"
3569,"mitsuhiko"
3613,"lidaobing"
3631,"soimort"
3678,"lotem"
3789,"agentzh"
3808,"ekmett"
3871,"sindresorhus"
4297,"dfguo"
4509,"ddollar"
4541,"jiyinyiyong"
4594,"android"
4786,"swannodette"
5094,"cloudwu"
5096,"kebot"
5101,"fat"
5105,"markdotto"
5203,"torvalds"
5205,"fabioestevam"
5243,"pokeb"
5260,"antirez"
5308,"raspberrypi"
5441,"kelseyhightower"
5470,"ARoiD"
5823,"tpope"
5993,"MatthewMueller"
6038,"huangz1990"
6235,"minrk"
6240,"addyosmani"
6321,"octocat"
6431,"wenzhihong2003"
6588,"heftig"
6931,"fanzeyi"
6952,"videlalvaro"
7117,"xuxiaodong"
7125,"jashkenas"
7165,"mxcl"
7168,"wolfg1969"
7182,"alex"
7326,"coleifer"
7982,"alexband"
8125,"askender"
8179,"dhh"
8295,"tonyseek"
8320,"michaelliao"
8339,"alanhamlett"
8363,"dcramer"
8612,"ptwobrussell"
8823,"vim-scripts"
8961,"Sannis"
8984,"tonymorris"
9236,"mojombo"
9308,"soffes"
9452,"JeffreyWay"
9577,"audreyt"
9652,"road2stat"
9848,"KWMalik"
9883,"lifesinger"
9888,"lepture"
9944,"ashchan"
10005,"schacon"
10068,"javachen"
10567,"Bmetz"
10689,"ariya"
11036,"wedgwood"
11213,"nicklockwood"
11582,"alexyan"
11703,"loopj"
11961,"fengmk2"
12117,"freefcw"
12359,"laruence"
12726,"crosbymichael"
12767,"leezhm"
12930,"davies"
12931,"ccl0326"
12979,"jingweno"
13063,"rogerwang"
13256,"pjhyett"
13384,"nvie"
13511,"huacnlee"
14248,"rpetrich"
14533,"mattgemmell"
14597,"yeasy"
14733,"jpadilla"
14765,"zcbenz"
14829,88250
14849,"yinsigan"
14969,"jpoullet2000"
15341,"ibdknox"
15376,"mariotaku"
15379,"acgotaku"
15462,"bos"
15700,"pgbovine"
16042,"progrium"
16110,"holman"
16337,"falconindy"
17038,"milessabin"
17112,"rs"
17141,"steveklabnik"
17212,"xiehuc"
17576,"oetiker"
17717,"getify"
17759,"mattn"
18130,"sequoiar"
18166,"shawiz"
18189,"fujohnwang"
18460,"unconed"
18521,"iwillwen"
18556,"yyx990803"
19061,"youngsterxyf"
19076,"JacksonTian"
19317,"sofish"
20290,"kaka2"
20317,"lostsnow"
20345,"thomasxie"
20352,"jackyhung"
20680,"alayii"
20790,"beenhero"
20869,"rohithadassanayake"
21345,"DoubleSpout"
21375,"nhaliday"
21558,"shellex"
21575,"multiple1902"
21597,"yuyichao"
21979,"BlackIkeEagle"
22126,"rjw57"
22152,"Shougo"
22662,"pchiusano"
22683,"q200981193"
22902,"jwilling"
22947,"yinwang0"
23042,"sickill"
23145,"aaronsw"
23149,"webpy"
23234,"yueyoum"
23255,"Hexxeh"
23883,"lynaghk"
23936,"chriskempson"
23968,"w0ng"
24452,"jeresig"
24858,"gonghao"
25369,"ZoomQuiet"
25437,"vdemeester"
25442,"Ceache"
25447,"chloerei"
25461,"qinhanlei"
25603,"samvermette"
25747,"JiajunW"
25816,"qzchenwl"
25991,"cinder"
26083,"pa7"
26158,"railstutorial"
26204,"Barthalion"
26331,"NARKOZ"
26422,"kingheaven"
26466,"Tassandar"
26900,"xumingming"
27377,"alongubkin"
27389,"saberma"
27507,"hadley"
27538,"antonkovalyov"
27562,"daeken"
27721,"lgn21st"
27767,"zellux"
27897,"amueller"
28129,"longerian"
28309,"jtauber"
28538,"chenshuo"
28603,"AlexNisnevich"
28699,"lilydjwg"
28908,"poshboytl"
28929,"Wilbeibi"
29881,"philogb"
30063,"CNBorn"
30074,"toji"
30091,"liuexp"
30315,"swhgoon"
30771,"alpha360x"
30877,"jbrownlee"
30887,"qiao"
30937,"MartianZ"
32057,"jamiesun"
32161,"yech"
32456,"Tekamed"
32550,"pasky"
32677,"bcardarella"
32820,"gsj987"
32822,"ellochen"
32824,"K0stIa"
32841,"kkx"
32953,"scottliyq"
33325,"xdite"
33966,"carlhan"
34389,"aheckmann"
34560,"odersky"
35043,"NickQiZhu"
35087,"paulgirard"
36166,"wrongwaycn"
36428,"gaosboy"
36605,"learning"
36846,"yankay"
36912,"tuhaihe"
37417,"rezaali"
37549,"flyfire"
37604,"cesutherland"
37811,"heathermiller"
37872,"soasme"
37934,"DHowett"
38698,"forresty"
38738,"coolzilj"
39041,"funkatron"
39124,"JSansalone"
39333,"yihui"
40392,"t9md"
40510,"ShadowWalker"
40828,"liwenhaosuper"
40872,"martinrusev"
40909,"xfstart07"
41285,"sishen"
41591,"cyfdecyf"
41780,"halida"
41922,"Leask"
42860,"Ariequ"
42982,"evanlong"
43043,"lonre"
43112,"nickcheng"
43216,"tualatrix"
43255,"so898"
43814,"justjavac"
44646,"Wizmann"
44662,"bbatsov"
44782,"trietptm"
44896,"alexyoung"
44905,"sorrycc"
45461,"vitalets"
45722,"codebutler"
48372,"southwolf"
48480,"FelisCatus"
48821,"Shipow"
48827,"cicku"
48889,"upsuper"
49491,"technologiclee"
49563,"DeathKing"
49923,"intijk"
50428,"lanhuai"
50522,"heroicYang"
52739,"seansay"
52741,"ibird"
53055,"clowwindy"
53183,"fffaraz"
53289,"angvp"
53858,"luin"
54134,"goodfeli"
54855,"mockee"
54905,"Fleurer"
54924,"microcai"
55270,"svenstaro"
55551,"lewischeng"
55717,"lyokato"
55925,"dvcolgan"
59848,"Wangchao0721"
60036,"bhuztez"
60812,"JeffreyZhao"
60814,"feifei435"
61544,"hewigovens"
61844,"eliben"
62077,"watashi"
63012,"tioover"
63206,"opcodesec"
63276,"fly51fly"
63299,"weijen"
63369,"sjrd"
63678,"inquisb"
63788,"huxuan"
63883,"ladace"
64012,"dthompson"
64217,"wheat0r"
64404,"mookrs"
64457,"liluo"
64531,"indragiek"
64648,"jpetazzo"
64852,"Noisyfox"
65448,"rduplain"
65687,"livid"
65769,"yappo"
66619,"sevensky"
66996,"bobzhang"
67764,"monnand"
68157,"jverdi"
68608,"postspectacular"
68668,"secretsquirrel"
68750,"xiaohanyu"
68825,"pobpah17"
68987,"otavio"
69024,"roymuste"
69481,"yyuu"
70351,"jonobr1"
71153,"chitsaou"
71800,"tchaikov"
71815,"wuhx"
72301,"zerebubuth"
72477,"karpathy"
72593,"sorbits"
72999,"vkostyukov"
73549,"JuanitoFatas"
73963,"doug"
74603,"nst"
74746,"hiprince"
75324,"jonathanong"
76137,"xiaods"
78088,"zzdhidden"
78207,"Easycker"
79000,"vicalloy"
79063,"lpereira"
79240,"kollinchu"
79270,"luoshuifish"
79743,"pierres"
79778,"ayanamist"
80395,"ddutta"
80412,"ofan"
80662,"VeryCB"
80753,"moonxue"
81116,"bjin"
81423,"mdo"
81579,"kenpusney"
81601,"tardyp"
81713,"baogechen"
81997,"emptyhua"
82395,"happypeter"
83456,"usmanghani"
83715,"farseerfc"
83791,"ftiasch"
83969,"STRML"
85282,"chenshaoju"
85663,"yegle"
86608,"estebank"
86833,"iyzsong"
87001,"lizaifang"
87678,"noxrepo"
88337,"schettino72"
88430,"gao-feng"
89420,"xingxing"
89616,"peterkokot"
89643,"stagas"
90028,"oldtree"
90761,"MurphyMc"
90928,"dirtysalt"
91225,"txyyss"
91405,"omegaga"
91835,"snipwu"
92106,"manateelazycat"
92228,"flyer103"
92229,"v2e4lisp"
92230,"wandsworder"
92232,"sadhen"
92436,"JaHIY"
92527,"netputer"
92571,"timxx"
92754,"rainux"
94081,"Mgccl"
94118,"ab25cq"
94363,"felixonmars"
94555,"iwiwi"
94590,"profjsb"
95044,"wangxiaomo"
95446,"yiminghe"
95823,"mckelvin"
95914,"BYVoid"
96396,"thejameskyle"
96833,"BeanYoung"
97076,"simonmar"
97351,"DragoonZ"
97399,"egisatoshi"
97597,"tommy351"
97618,"ngaut"
97711,"pandachow"
97717,"czy88840616"
97791,"quxiaofeng"
97819,"hotoo"
97870,"mattgraham"
97906,"derekwyatt"
98227,"m13253"
98668,"detecti1914"
98671,"nptwz"
99027,"LvWind"
99350,"hit9"
99563,"alswl"
99595,"reverland"
99848,"rhcad"
100105,"siemonday"
100848,"tomtung"
100937,"liancheng"
100942,"nonoob"
101075,"tzwm"
101568,"xyproto"
101762,"davetcoleman"
102663,"accreator"
102779,"louismullie"
102979,"marklucovsky"
103217,"BUPTGuo"
103239,"zxwing"
103640,"inducer"
103693,"kenneth"
104734,"onevcat"
105770,"mastbaum"
107066,"youxiachai"
107068,"jcccn"
107586,"wuyangnju"
107885,"jimmyxu"
107966,"xtao"
108028,"gastlygem"
108347,"kaelzhang"
108349,"dead-horse"
108622,"IIssNan"
108735,"justzx2011"
108748,"lvzongting"
108750,"xdbaqiao"
108752,"light4"
109081,"luikore"
109083,"pondering"
109577,"StuPig"
109687,"rasmusbergpalm"
109752,"maplebeats"
110216,"lyuehh"
110236,"chaozh"
110240,"wooparadog"
110765,"ma6174"
110771,"blindFS"
110878,"ofshellohicy"
112064,"hanyee"
112141,"ppanyong"
112187,"jasl"
112590,"niyue"
113215,"imtxc"
113589,"cmonkey"
116589,"daodaoliang"
116834,"coolwanglu"
117200,"Applexis"
117426,"yanping"
118811,"appdesignvault"
119087,"vczh"
119955,"conan007ai"
120062,"maddy-z"
120399,"zmy"
120744,"yanling2011"
120799,"Yangff"
120928,"robbin"
121087,"evilcos"
121305,"jason-ni"
121661,"ggoodman"
122061,"peicheng"
122176,"astaxie"
122829,"Hexcles"
123126,"iwinux"
123147,"sheyong"
123448,"jerrykrinock"
123481,"zh99998"
123507,"fxsjy"
123757,"wintercn"
123780,"coodoing"
123941,"onlytiancai"
124446,"ericzhang-cn"
124467,"muyuan"
124544,"qingfeng"
124620,"xhan"
125307,"flight404"
125411,"pypeng"
126052,"nygard"
127255,"acburk"
127333,"ashikase"
128906,"jserv"
130496,"lmmsoft"
130616,"fqj1994"
130857,"springRan"
131299,"colder"
131550,"lastland"
132093,"ninjinkun"
132177,"ChingfanTsou"
132275,"vormplus"
132330,"bradlygreen"
132884,"wizardcypress"
133178,"Moligaloo"
133818,"frankfzw"
134173,"fceller"
134258,"moitoi"
134456,"ym"
134464,"evancz"
134594,"xuy"
134664,"cook-"
134685,"codeanticode"
135171,"seblu"
135450,"everbird"
135543,"sadkangaroo"
135739,"mozillazg"
136029,"ly"
136392,"island205"
136835,"goagent"
137069,"quark-zju"
137134,"bigeagle"
137388,"rose-compiler"
138380,"mengyalan"
139183,"stefanesser"
139966,"dkwingsmt"
142330,"ilovejs"
142552,"brutall"
143334,"aifreedom"
143663,"xrchen"
143926,"xhacker"
144970,"Kapeli"
146511,"teropa"
146907,"frankyxhl"
148163,"bububut"
148682,"isnowfy"
148705,"anatol"
148948,"linsk"
149515,"lihaoyi"
150408,"jjgod"
151511,"julianstorer"
152052,"lichray"
153182,"furtherLee"
153469,"chyyuu"
154562,"yyu"
155138,"pakchoi"
155140,"irachex"
155321,"chunlea"
155403,"Rivsen"
155437,"redswallow"
155463,"ShiningRay"
155475,"tianweidut"
155498,"zhouguangming"
155510,"woodboy456"
155513,"dagobert1989"
156116,"zicjin"
157074,"AndreRH"
157243,"caesar0301"
159132,"AndorChen"
159255,"Fykec"
160243,"MaskRay"
160317,"hax"
160336,"Fakefish"
161401,"ansjsun"
161506,"TitouanVanBelle"
163663,"houkanshan"
165038,"thinkingserious"
165660,"robinhwang"
166009,"seri"
166342,"smartegg"
166498,"carmark"
166971,"jikeytang"
166985,"FrankFang"
167573,"hoveychen"
167577,"lpy"
168661,"bobchennan"
169418,"liang456"
170414,"AstroProfundis"
170619,"xudifsd"
170934,"zsy056"
171478,"heshiyou"
173641,"dawn110110"
173821,"pezy"
173970,"xxxffz"
174215,"thearth"
174349,"qqfish"
175590,"lytofb"
175863,"more-more-tea"
176060,"terrycaifd"
178966,"mattlawer"
179647,"iceball8"
179648,"seanlinwang"
179649,"ssyangy"
179988,"xuewei4d"
179989,"wxspll"
180006,"bryandeng"
182509,"maddie"
183250,"sqybi"
184154,"marstone"
184989,"weger"
185034,"Gohan"
186077,"jguang"
186598,"lizan"
187800,"bradparks"
188120,"Wakeupbuddy"
188965,"copumpkin"
190466,"kikohs"
190610,"zhwei"
190726,"chineking"
190727,"maresladen"
191181,"WillemJan"
191375,"Jewelzqiu"
191381,"mrain"
191454,"xiaq"
191455,"hexchain"
192594,"seoaqua"
197782,"hedongjie"
197966,"footearth"
198533,"ox0spy"
198849,"splade"
200475,"t-k-"
201214,"xiangzhai"
201437,"dword1511"
201775,"saguiitay"
201929,"cykerway"
204033,"bethrobson"
205439,"hebertialmeida"
205479,"fsquillace"
206044,"54chen"
206087,"dodgepudding"
206154,"zwf"
206182,"cute"
206364,"Hebali"
206620,"poplarch"
206801,"yinian1992"
206830,"sunbjt"
206831,"yixuan"
207041,"lanastasov"
208598,"rootux"
208704,"jakechen"
209312,"ryekee"
209940,"danielgm"
209955,"bigfei"
211630,"abysshal"
213322,"cvondrick"
213416,"monadic"
213555,"gnawux"
214073,"darkgt"
214209,"tgamblin"
218398,"JulesWang"
221809,"nshen"
221951,"OlingCat"
222721,"aalonso"
222754,"angolini"
227377,"SteamedFish"
227378,"pipitu"
228973,"redraiderj"
229834,"alljoyn"
229902,"oilbeater"
230730,"ahmed-tatar"
231313,"frankscholten"
234573,"hzheng"
234613,"Mellifluous"
234670,"billryan"
234688,"huashuai"
235257,"soumith"
235711,"FabledWeb"
236241,"ming-rui"
239479,"kesenhoo"
240219,"propensive"
240746,"rnons"
241886,"sgothel"
242259,"xzjh"
242699,"kmcallister"
243445,"5long"
246844,"bingwen"
247463,"innocentim"
247844,"foutrelis"
248125,"huichen"
248226,"allanbrokeit"
248506,"weijianwen"
248513,"zhaohuizhang"
248514,"ranmocy"
248515,"phil5"
248525,"BrianDiao"
248529,"wang-haiyang"
248567,"xinhaoyuan"
249097,"Jactry"
249320,"sqbing"
249332,"kokdemo"
249335,"ggarlic"
249336,"mfs6174"
249342,"lenville"
250028,"hankers"
250030,"Milrivel"
250971,"kight"
251071,"loddit"
251546,"rve"
251627,"jiaxf"
251742,"djyde"
252106,"tiantianquan"
252636,"liuenyan"
252642,"wgjtyu"
252643,"maonx"
252654,"kevinzhow"
252658,"missdeer"
254190,"Dan-Piker"
254898,"gzm0"
255173,"hitigon"
255176,"mys721tx"
256089,"bachue"
257427,"stslxg"
257428,"hillboy"
257429,"wuzhengkai"
257430,"bloops"
257433,"feipu123"
257435,"kirakira"
257436,"lgr150"
257437,"Skyprophet"
257438,"yinger650"
257765,"lexdene"
258292,"mfight"
258293,"Ovilia"
258294,"owlman"
258295,"MondayLei"
258296,"BugYang"
258671,"orzdo"
258672,"serenenight"
258673,"xddaijun"
258674,"martin0418"
258682,"ycliao"
258686,"sun11"
259465,"orvice"
259551,"Justineo"
259680,"vinjn"
261868,"harrism"
262239,"Winiex"
262417,"gestapolur"
263480,"yonbin"
265316,"fdb713"
266467,"jzm17173"
267083,"agapple"
267153,"hexuotzo"
269639,"kirang89"
271232,"noahlu"
271254,"yetone"
273200,"SatanWoo"
273856,"yangzhe1991"
273908,"ziliangdotme"
273942,"logicmd"
274140,"chairy11"
274595,"fhoshino"
276435,"SiNZeRo"
276934,"alignedleft"
278292,"wley"
278424,"AnakinMac"
283028,"wishstudio"
286743,"bsautner"
286837,"pigletfly"
289233,"josemota"
289441,"lqhl"
289543,"phoenixlzx"
289845,"PythonShell"
290634,"asayers"
291830,"ainilife"
292165,"netarmy"
292391,"Mikhus"
295507,"namiheike"
296743,"curimit"
298246,"JionLeek"
298252,"psyclaudeZ"
300174,"tigerlee"
300218,"zealic"
300509,"biergaizi"
304057,"chengs"
304384,"wzyboy"
305275,"devbean"
308319,"xuming"
309717,"liuhk388"
309807,"bcaffo"
311035,"prajnashi"
311073,"happyaron"
313677,"BananaOnTheWall"
316793,"iccfish"
319323,"tclh123"
323033,"niangaotuantuan"
323549,"Shawn0"
324572,"leonlai"
327597,"scturtle"
330604,"goxofy"
331054,"dy1989nuaa"
332799,"zzq889"
337365,"kmonsoor"
337824,"liuxinyu95"
343290,"jinuljt"
343909,"stranbird"
347647,"chengyuhui"
351922,"wenzhixin"
356985,"hbjoylee"
358957,"fracting"
359640,"CyberZHG"
365269,"lpryszcz"
365601,"winocm"
366549,"SidneyTTW"
366550,"tecton"
366552,"wideas"
367109,"satomic"
367234,"shjborage"
370241,"yosinski"
371621,"mirri66"
371811,"heronyang"
372063,"hyPiRion"
372558,"sskyy"
373381,"wandsea"
373445,"yuki-lau"
375534,"cuihaoleo"
375535,"ppwwyyxx"
376041,"SunRain"
376498,"Tj"
377559,"wukan1986"
378925,"bdpayne"
379464,"kpbiao"
380686,"Uyas"
380696,"AdoHe"
381296,"turbidsoul"
384763,"bao3"
384856,"HydroBench"
385023,"3xian"
385041,"vincentqiuuu"
387038,"MarchLiu"
391207,"Yangqing"
393519,"dnschneid"
395565,"lmccart"
395703,"duyamin"
397275,"ellrywych"
397981,"fangjian601"
402499,"greenmoon55"
402783,"aenon"
403091,"lok41"
403105,"zhangjiejun"
403109,"stfairy"
403903,"chapter09"
403974,"cloudygoose"
404017,"zlx"
407633,"formulahendry"
407636,"angelife"
407831,"Saintwing"
407839,"abstractionfbq"
407847,"styx-hy"
408396,"ibillxia"
409602,"IronBlood"
410576,"diwi"
410815,"pissang"
420750,"Jonhoo"
421567,"Orbeus"
426303,"leonacwa"
429514,"tonicbupt"
431515,"alex-alex"
431807,"chinesedfan"
435450,"dotkrnl"
435816,"theiostream"
436115,"iphkwan"
437876,"wikke"
438586,"wudeng"
438930,"genewoo"
448274,"SamyPesse"
448599,"evinw"
451096,"jia-kai"
453314,"lmirosevic"
457512,"coldfog"
464198,"nepahwin"
464861,"citypw"
473103,"Naruil"
476693,"UlfNorell"
476770,"JokerQyou"
479259,"McZonk"
486286,"danluu"
489545,"fantix"
490915,"croath"
494267,"exaatto"
494268,"Genieliu"
494269,"Yukin1218"
494270,"huoyanyouli"
501593,"irajgreenberg"
504493,"gnaggnoyil"
506516,"xosdy"
506595,"oa414"
507001,"figoyang"
510191,"justdark"
511477,"brianli"
514850,"LiWeiJie"
516896,"rovo89"
520635,"bullyyibu"
522018,"bjggzxb"
525402,"siddontang"
538326,"lyfeyaj"
538670,"ken"
545502,"resouer"
545782,"wizawu"
547352,"pentie"
547562,"chenziliang"
557811,"910JQK"
560019,"arapat"
561037,"douglarek"
561188,"cykustcc"
561335,"EpsilonX"
563884,"scaret"
564450,"HolySparky"
571455,"insanj"
574765,"wujayway"
575886,"gblancogarcia"
576423,"GaoYusong"
576470,"zry656565"
578570,"findslowly"
580549,"zhuth"
581858,"Cheng-Zhang-Rice"
583987,"jieshen-sjtu"
584589,"leyafo"
585193,"gildorwang"
588540,"delta4d"
593002,"saobao"
598339,"csimstu"
600719,"gaohao"
601263,"nmattisson"
603371,"yuex"
610861,"Gaubee"
611454,"winguse"
615306,"dslab-epfl"
616048,"a0x"
616741,"ruanyf"
617138,"1989car"
619381,"wsk3201"
621143,"HUSTDAVID"
630025,"unitial"
630075,"kuantkid"
631153,"materliu"
635352,"ahxxm"
637670,"lyever"
638259,"hellokuku"
638783,"comilk"
639338,"liwei606"
643400,"ascarpino"
648317,"suziewong"
648594,"Hawstein"
651610,"Bluewind"
652656,"dongbing"
657869,"dantmnf"
660144,"farmerworking"
664457,"louyiwen"
665521,"rbgirshick"
667414,"lidaof"
671763,"alexli"
672764,"ytliu"
674146,"gongminmin"
674747,"Inzaghi2012"
677841,"zxj1015"
681829,"vecio"
681981,"kshiftlv"
695725,"barrywey"
696900,"cloudtrends"
697990,"zxytim"
704573,"summivox"
705500,"dalang"
705823,"eccstartup"
708034,"williamfu1989"
711306,"ddysher"
713562,"Beyoung"
714569,"granndy"
715188,"hillwoodroc"
718292,"roselone"
719529,"eminnett"
719586,"logdns"
720211,"GdZ"
720588,"lythesia"
723503,"FreeArtBureau"
724404,"kongl"
727107,"agazso"
727523,"gokmax"
728084,"aswmtjdsj"
731740,"lazybios"
735377,"maxliaops"
754257,"kingFighter"
755680,"konjac"
756057,"anzigly"
756188,"atupal"
761400,"beanwonder"
762008,"klion26"
762260,"safarisoul"
762723,"xtaci"
763743,"godspeed1989"
764362,"hwy10"
769276,"xinyu198736"
778867,"mmistakes"
780093,"tingleshao"
782599,"lushl9301"
782686,"lembacon"
790485,"zensh"
794908,"jesusjzp"
799553,"dskyu"
804180,"pochmann"
804935,"amxku"
805778,"lvwzhen"
806105,"himemeizhi"
809255,"oeddyo"
811652,"yechunxiao19"
811852,"tiant167"
812269,"dozer47528"
812584,"linjiyuan90"
812602,"yangzhe1990"
814748,"thinreyxu"
820149,"michelleN"
821637,"whypro"
827248,"csjaba"
828171,"vlsi1217"
829237,"liuyuqi"
829426,"lostleaf"
829707,"haow1990"
834355,"Jeffrey6052"
834859,"hu17889"
837958,"PerryPan"
840702,"arilpan"
842585,"MikeLing"
842795,"qinxiaoxin"
847822,"narutolby"
850522,"chenhao94"
853619,"chengr28"
857156,"yangshizi"
857313,"5lipper"
880803,"leoner"
881658,"gynix"
882623,"niuzhiheng"
883111,"yorkie"
884686,"imeoer"
885507,"polvi"
887170,"YauzZ"
887649,"sailor-moon"
893952,"tennc"
899968,"qwindelzorf"
901471,"mcanthony"
905238,"fbq"
908732,"dengyishuo"
915649,"jerryshao"
923853,"bittnt"
928294,"ncwhale"
929524,"fakegit"
931622,"comicchang"
932550,"lixiaoyan"
933231,"leochen36"
933675,"waakaakaa"
933849,"katepesic"
933914,"kymtwyf"
934253,"lingling2012"
936870,"kdurant"
939294,"kid177"
942730,"yszheda"
945965,"adamwen829"
946528,"boobby"
946688,"xmxjq"
947302,"femrat"
954928,"yshui"
958342,"zxl9171"
960092,"fspiga"
962125,"doldre"
966268,"albertix"
971978,"pein0saga"
976245,"Amb0109"
980225,"PRotondo"
982463,"beejjorgensen"
985356,"elvisimprsntr"
985726,"vikingmute"
987459,"linus-young"
991101,"Hrl"
993254,"luzilon1"
995745,"kuldeepdhaka"
998909,"jozefg"
1000473,"isaacchangwang"
1003352,"joey2005"
1006350,"SableRaf"
1012271,"zeonsgtr"
1016956,"ysyshtc"
1017115,"XadillaX"
1019351,"stormzhang"
1025477,"ctzsm"
1031121,"digitalsatori"
1031810,"hqhq"
1032361,"chasseurmic"
1032817,"abcdabcd987"
1051315,"forresti"
1055024,"highcapital"
1061337,"Aetf"
1066389,"lx75249"
1072632,"naoyam"
1078060,"orakle"
1079777,"jonatkins"
1081966,"JackieLin"
1082767,"lowescott"
1084433,"Sojiv"
1088785,"jwworth"
1089544,"brainbush"
1090631,"linzhoulxyz"
1092963,"toctan"
1094838,"Ju2ender"
1096460,"gclsoft"
1115454,"huangshenno1"
1117199,"Luxurioust"
1118591,"alxsoares"
1122815,"wnzhang"
1125273,"prehistoricpenguin"
1127224,"longdafeng"
1127241,"datang"
1127553,"X-Bird"
1131629,"dimitar9"
1135493,"wycg1984"
1136794,"Azure-Vani"
1138505,"linfan"
1140025,"lychees"
1147812,"mujiatong"
1152482,"ivarptr"
1156954,"kedebug"
1160617,"mgwhitfield"
1164661,"mengning"
1165238,"inconshreveable"
1165618,"cities"
1167592,"bzEq"
1168190,"wuqifu"
1168543,"liulios"
1170773,"deepen099"
1176380,"eaufavor"
1177197,"cyphar"
1179004,"kassol"
1181550,"programmermagazine"
1184173,"shonenada"
1185991,"asuna"
1186340,"amoa400"
1190640,"rhodon"
1192531,"1c7"
1194670,"renteng"
1195721,"marisakirisame"
1196820,"zerubbabel"
1198725,"tatsy"
1203342,"boogunote"
1206681,"Determinant"
1217757,"diracdeltas"
1222973,"yumeng91"
1224844,"brendanburns"
1224966,"jacook"
1230621,"dongfengweixiao"
1232372,"cloudsec"
1234704,"comen"
1237925,"mapleray"
1237948,"ravenkwok"
1240082,"youyk"
1246906,"kalenhaha"
1248323,"qianshu"
1250886,"Hsinglin"
1251789,"shunix"
1253345,"saturnman"
1254759,"punkboyee"
1258109,"starforever"
1259917,"inferjay"
1261903,"goingeast"
1262777,"magic2000"
1267359,"zondaOf2012"
1267509,"fqrouter"
1268771,"JackieMa000"
1281888,"zackshen"
1284151,"rickgene"
1286245,"jttoday"
1291942,"zzy7896321"
1293997,"Karo13"
1296534,"beehtz"
1296672,"lyricat"
1296743,"fasheng"
1299404,"bnascimento"
1299750,"cloud-fan"
1302430,"Endle"
1304047,"Camper42"
1315826,"ForeverBell"
1318052,44670
1318063,"twd2"
1326462,"boleynsu"
1328875,"Loveice"
1332874,"maddyz1"
1343770,"yangany1"
1344265,"myillusion3852"
1349604,"Quasimondo"
1354434,"myliu"
1360347,"zilinglius"
1360422,"KevinFTD"
1360424,"wangguangxin-cn"
1369349,"jiaoew1991"
1371144,"gitwang"
1380766,"IvanJobs"
1382471,"yepyao"
1386026,"sdroege"
1386919,"jameslinsjtu"
1390713,"tangcong"
1391269,"ebowsoft"
1393074,"Librazy"
1394107,"frankwangzheng"
1394802,"47dev47null"
1396258,"heracleson"
1397211,"roryrjb"
1403394,"buaagg"
1403458,"d891320478"
1403461,"cielpy"
1404724,"dazzyd"
1406376,"xyzhu1120"
1406564,"RobberPhex"
1408457,"cnbeining"
1411137,"zhuhuihuihui"
1414374,"SummerWish"
1414377,"laohyx"
1419848,"simonmysun"
1419998,"mingyuan-xia"
1420531,"zhouxiaobo500"
1421340,"roosephu"
1424267,"JakeLin"
1425554,"LukeXuan"
1426348,"lonjoy"
1427625,"Bintong"
1431774,"jackyyf"
1433546,"iamstupid"
1436103,"tracyzhu"
1441372,"TomThorpe"
1443849,"flynngao"
1444421,"wmyw96"
1445089,"SharkIng"
1445812,"ichoyjx"
1446384,"FXuZ"
1446708,"codefollower"
1447964,"richardyantas"
1451168,"linuxhenhao"
1451207,"JianfengYao"
1451598,"shanzi"
1452745,"strongoier"
1453870,"thiswind"
1454388,"im-infamou5"
1454401,"chuanqing"
1454809,"Bayonetta"
1455646,"wangyan9110"
1456508,"waytai"
1458107,"sbwtw"
1463558,"windmgc"
1464031,"ffq5050139"
1464593,"ctiao"
1465536,"lap2011"
1466052,"yukinami"
1470140,"wblut"
1481821,"ChiChou"
1485793,"sitilge"
1493157,"G-Ray"
1493185,"dimkir"
1494384,"liszd"
1494563,"jcjohnson"
1495921,"xy"
1502473,"zhengnanlee"
1503154,"laike9m"
1505554,"vitrun"
1507128,"Anysysjgw"
1509343,"shenjiasi"
1515498,"miniKanren"
1527199,"luishen"
1528268,"imsuwj"
1529346,"zhangxin840"
1530219,"kainliu"
1535371,"dreamingfish"
1545926,"htc550605125"
1547974,"nicholas-leonard"
1556959,"AttufliX"
1568238,"Staniel"
1569134,"zhykzhykzhyk"
1571954,"ITJesse"
1576167,"zz090923610"
1576395,"Marcus-Lee"
1577040,"jiexuangao"
1577367,"Unknwon"
1580026,"creeek"
1580460,"zhsl"
1586860,"ouyangyewei"
1590035,"muellermichel"
1591511,"bluewhale1207"
1592573,"yangxt"
1594263,"wujianguo"
1597283,"jseanj"
1601613,"zhusj"
1604453,"code4craft"
1614488,"illucent"
1626270,"RobertHarper"
1630205,"justinjdickow"
1631799,"fordream"
1634807,"AuxinJeron"
1637156,"ShelleyRuirui"
1639886,"muan"
1640412,"cusspvz"
1644128,"benjycui"
1644932,"larryxiao"
1654395,"were"
1654867,"yarkcy"
1656876,"paul-nechifor"
1656877,"zacker330"
1659511,"IndeedPlusPlus"
1668293,"hiddenghost"
1669902,"gxz1989611"
1677954,"titanxxh"
1681003,"lane128"
1681543,"andong777"
1689030,"vinee"
1689147,"anthonyseu"
1689455,"sqhu"
1690940,"tankclassxer"
1694221,"gnemoug"
1704797,"Renkai"
1711329,"WERush"
1712306,"gzygzy9211"
1712474,"Folyd"
1712800,"niyuzheno1"
1716024,"coolbit-in"
1716222,"zxlie"
1716352,"Noah0701"
1717087,"zxybazh"
1717563,"bluaxe"
1719624,"nornor"
1727639,"dsh0416"
1729613,"verne91"
1729626,"strin"
1741357,"lijiancheng0614"
1745771,"RudoIf"
1747436,"lnln1111"
1747736,"xusiss"
1752916,"PascalMore"
1753595,"acgtyrant"
1758561,"ustbgaofan"
1759782,"bigtiger02"
1767866,"zhaoys"
1773898,"edwardmjm"
1775918,"wwj718"
1779679,"lxserenade"
1786939,"wengkai"
1791986,"tianruoqiwo"
1799150,"yanliusp"
1800116,"saxisuer"
1806253,"robturtle"
1806939,"fjysmall"
1815272,"clongbupt"
1815322,"wych42"
1818971,"zhouningyi"
1820727,"mathetian"
1822124,"tobegit3hub"
1823605,"nickboy"
1823654,"robby0"
1825447,"aofengg"
1826435,"Brunocasanova"
1827182,"CludeX"
1828310,"kmlg"
1830877,"sumy7"
1831279,"gowithqi"
1832677,"arsdragonfly"
1833558,"HugoFeng"
1835521,"patiencezhao"
1836642,"ZhipengJIANG"
1837246,"YangMann"
1839036,"lrank"
1839088,"hnrainll"
1839134,"xuefu"
1839443,"JohnLui"
1839982,"wenshin"
1840004,"rapidhere"
1840344,"neutronest"
1843623,"liyong3forever"
1844043,"learnsomuch"
1844383,"si-tech"
1844469,"tothandras"
1844738,"younglaker"
1844769,"w359405949"
1845074,"prateek147"
1845413,"xpycc"
1847729,"cgy4ever"
1849191,"changlan"
1849997,"veecci"
1855417,"Alexbob"
1858860,"jwlimagine"
1860578,"westhacker"
1860856,"ywang19"
1861491,"holmestian"
1862325,"shzy2012"
1862783,"huanghaihui"
1862873,"delaz"
1863625,"yanzhe-chen"
1871226,"zhiyue"
1873465,"QuantumGhost"
1878294,"howiefh"
1878390,"hawtyzhang"
1879137,"icearith"
1880689,"phoeagon"
1883777,"otakuchiyan"
1888881,"jermainewang"
1890567,"iceboy-sjtu"
1893496,"grypp"
1894227,"KangXuechao"
1894529,"pandada8"
1895515,"SEIAROTg"
1897673,"Jyny"
1897914,"riaqn"
1902424,"ourochan"
1903141,"qibinlou"
1908503,"guptaishabh"
1911090,"UniqueLJH"
1920257,"quietshu"
1923012,"phonism"
1924857,"hjm0505"
1927487,"wucy"
1935151,"zhufuing"
1935157,"Jimmysh"
1941180,"twood02"
1943162,"twlkyao"
1943346,"yiufung"
1948770,"KDF5000"
1950936,"lloydzhou"
1952293,"wjhgh04"
1952330,"rainmetersjtu"
1958686,"neilcsmith-net"
1958789,"juda"
1959317,"amirphysice"
1959696,"Raffael"
1973065,"zyfgs2012"
1974613,"LiuLang"
1977803,"Jeswang"
1979481,"antinucleon"
1980410,"entron"
1982275,"JasonCHU"
1983299,"jincan39"
1984727,"mcfatealan"
1986557,"Tracesnow001"
1991170,"lost3030"
1993528,"superdesolator"
1995121,"isaced"
2000416,"lxyyxl638"
2001036,"peanutyk"
2004747,"YuMS"
2005574,"remirobert"
2005845,"ryaneof"
2007782,"zyearn"
2008035,"wizwjw"
2008456,"wulinzhu"
2010266,"zhaqiang"
2014737,"titicaca"
2015640,"YigWoo"
2016136,"nickaj"
2016667,"jlord"
2018639,"weaponsjtu"
2018906,"zhihaozhang"
2020516,"rk2900"
2020826,"nswbmw"
2024123,"HongxuChen"
2026123,"neuer93"
2029326,"PeterCxy"
2032349,"wangtengchuan"
2037564,"ImaginationZ"
2047288,"0ssifrage"
2051417,"oacal"
2052962,"chunpu"
2054226,"axknightroad"
2056176,"graminc"
2057014,"CNaiko"
2058302,"roxanneluo"
2061191,"hehead"
2062345,"mancojiang"
2062385,"kuntaner"
2062575,"frantic1048"
2062759,"plrthink"
2070468,"improper4"
2073896,"vivaxy"
2079320,"r2007"
2081866,"boyxiaolong"
2083314,"taizilongxu"
2084220,"proactivezjuer"
2085288,"xqq"
2085289,"arrowrowe"
2085672,"vegetable68"
2086145,"diaohaha"
2088747,"climberpi"
2091913,"hellomaya"
2091951,"yefllower"
2093983,"neerajgupta2407"
2094914,"renkun-ken"
2098194,"cmdcolin"
2098342,"karloku"
2109899,"binwin20"
2110507,"stevenybw"
2112357,"PietroNardelli"
2113575,"JakubValtar"
2116809,"Blaok"
2120879,"sdq11111"
2121380,"TangXuguo"
2124695,"skyline75489"
2125140,"glfpes"
2125318,"hotea"
2125716,"condy0919"
2128921,"aaronice"
2145629,"xyjprc"
2157776,"jack77213"
2161300,"kamyu104"
2164751,"liaohuqiu"
2178478,"bDart"
2179739,"vanessa007"
2181130,"Nullizer"
2184298,"BadRenegade"
2184783,"shsproject"
2185887,"dilutedream"
2185888,"vacancy"
2187004,"Alpha02"
2191883,"fuhongxue"
2191889,"xiaotdl"
2192730,"sjtuliyong"
2195398,"BourneHu"
2200920,"cmcqueen"
2201934,"noinil"
2209437,"reqshark"
2213568,"Ac-heron"
2213989,"zz198808"
2214625,"ghxandsky"
2214851,"hmfaysal"
2221510,"jswulff"
2222318,"Viacheslav-Radchenko"
2223756,"jsl9208"
2224138,"habina"
2225120,"airgetl1"
2228703,"rebornix"
2228965,"engcube"
2229468,"hyperjeff"
2231254,"Corotata"
2233386,"realstolz"
2234274,"resodo"
2234292,"fijimunkii"
2237236,"xiaozhi"
2238661,"ilcc"
2244961,"Yuanhui-Yang"
2251641,"CuGBabyBeaR"
2252644,"dnc1994"
2254605,"lyfshadyboss"
2256285,"volzKzg"
2265994,"fiebrink1"
2273297,"czj19920117"
2274621,"Wingcol"
2274627,"bluecabbage"
2276268,"ldaochen"
2283600,"userzimmermann"
2284619,"premgopalan"
2290863,"procr"
2292793,"fenghen1990"
2293917,"killa1218"
2294790,"Garlandal"
2296551,"happysmilepig"
2300120,"Tankpt"
2309613,"szxie"
2313223,"SuriyaaKudoIsc"
2314247,"Viztor"
2314705,"nausicaawy"
2314767,"soyelmnd"
2318841,"berwen"
2320404,"wwwwodddd"
2327331,"cp0000"
2327528,"churehill"
2328842,"Riatre"
2329992,"waynehuge"
2330462,"wicastchen"
2330645,"hanfei1991"
2331074,"Zivsu"
2337662,"gaocegege"
2341432,"daerduoCarey"
2342852,"orchidmajumder"
2344982,"suiyuan2009"
2349035,"zacyu"
2349917,"zouxiaohang"
2353366,"lxc-xx"
2353669,"lymanzhang"
2354500,"bxiaopeng"
2358990,"Ma233"
2361068,"harryxiaxia"
2364881,"Ronnoc"
2365075,"a19990200130067"
2367299,"kinnki"
2368091,"bq12345"
2374457,"zhangsheng"
2374758,"muzixing"
2377923,"KagamiTaiga"
2380996,"yyypasserby"
2382387,"sxjscience"
2383749,"gyf1214"
2385535,"gabrielpconceicao"
2386360,"mssalvo"
2388447,"nforest"
2389414,"ylqfp"
2390265,"xieyuheng"
2391161,"mcfloundinho"
2392010,"lijingpeng"
2395193,"zhao-ji"
2395291,"frog1902"
2395568,"qizhwei"
2396247,"DianBo16"
2396248,"CruiseLiugit"
2396453,"icedream2"
2396614,"BrianShen"
2397451,"Brooooooklyn"
2398955,"mick"
2404437,"mickeystroller"
2407305,"LinkinAndy"
2409292,"haogefeifei"
2409478,"yxjxx"
2413321,"wicast"
2417801,"laincat"
2420069,"Victoriayhk"
2422355,"illuz"
2422781,"drinkbeer"
2428615,"nuaays"
2432606,"paoptu023"
2439074,"latelan"
2439262,"huiyangwang"
2440154,"xu-cheng"
2450284,"soenmie"
2451437,"wklbeta"
2455552,"wzhd"
2458126,"bigday"
2458161,"JMJST"
2461883,"Alwayswithme"
2466322,"Goblin911"
2467202,"ttimasdf"
2468643,"daimajia"
2476483,"memect"
2477527,"cloverfisher"
2478907,"jasonlvhit"
2480835,"wizardforcel"
2483855,"tvvocold"
2489127,"Jytshinki"
2490173,"lovezzt"
2497072,"goinggo"
2500277,"Zhouxuefei"
2509502,"xigoss"
2512248,"luckyharryji"
2513990,"wentin"
2514523,"chenyuxiaodhr"
2514777,"s7lx"
2516074,"scungao"
2517361,"rafaqtro"
2518166,"ThomasLau"
2518807,"Alexyyek"
2519390,"willard-yuan"
2520612,"PiraHzq"
2521489,"BIT-silence"
2521975,"wangfulin"
2522543,"district10"
2524265,"supernova16"
2528968,"angelleng"
2543355,"John-Shaw"
2544649,"Dark-Star"
2546146,"haoyuchen1992"
2548453,"cyendra"
2551808,"Slahser"
2553267,"Mini-Dragon"
2555541,"Fansion"
2556162,"Leafove"
2556565,"lovelyllh"
2558777,"fkysly"
2559336,"xcatliu"
2565980,"nealgavin"
2567110,"jlblancoc"
2568965,"kehr"
2570291,19925218086
2572257,"tbalthazar"
2572740,1414648814
2572921,"tong-1324"
2572926,"lin5316"
2573473,"jayxhj"
2574738,"vinta"
2576709,"jamztang"
2577139,"buyijie"
2578102,"ldfaiztt"
2580472,"erjiaqing"
2580691,"beali"
2583420,"sky1young"
2586275,"princhenee"
2589588,"ktakeda1"
2591364,"barretlee"
2592903,"d2fl"
2593052,"pwwpche"
2594801,"feng2606"
2596356,"tianc"
2597511,"SunWeicheng0001"
2604200,"zsrkmyn"
2628646,"flosea"
2629032,"typicode"
2629257,"Xuanwo"
2630162,"yifan-gu"
2630812,"ChenZhongPu"
2632851,"aosabook"
2635228,"87boy"
2635466,"utf8please"
2636344,"msr-b"
2637600,"ACEMerlin"
2638528,"lhanr"
2639081,"footoredo"
2639087,"fhnstephen"
2639410,"hamburisyoung"
2639433,"red-belt"
2642920,"kazhang"
2647803,"Troogle"
2648435,"fcaov"
2650007,"johnbear724"
2656134,"0x5e"
2659270,"ZhuangER"
2664875,"aclisp"
2666187,"yianwillis"
2671492,"xuziyan001"
2686590,"mlz000"
2686846,"jamesliu96"
2691182,"liliclinton"
2691429,"saukymo"
2697015,"lawlietxxl"
2707033,"fclh1991"
2711273,"xiaoerlyl"
2716011,"zizhong"
2718829,"jecky2013"
2719750,"Rogerlin2013"
2726603,"PoundKey"
2728258,"Honlan"
2728324,"petersonwhj"
2731941,"at15"
2736730,"fundon"
2742186,"raven99"
2744021,"ling245100108"
2745792,"Mayuyu"
2753585,"xudyh"
2753973,"lianliangwu"
2754790,"ztmdsbt"
2755100,"threejs-cn"
2755137,"wangjiezhe"
2755251,"facelessman"
2761224,"zhuli19901106"
2762543,"mli"
2767005,"astray1988"
2774524,"microdog"
2774706,"Jacktony"
2777077,"zhoudaifa007"
2777427,"CreatorLanslot"
2779403,"bitweng"
2779770,"actzendaria"
2781696,"NagiNikaido"
2789277,"a9108"
2792420,"gopdoly"
2793942,"valueof"
2798697,"rusucosmin"
2802729,"Nihiue"
2804844,"huzecong"
2805398,"atryus"
2809715,"zaphz"
2811858,"hczhcz"
2815002,"xuanyuanaosheng"
2815754,"bewantbe"
2816323,"shichao-an"
2818557,"gzc"
2822220,"wmzy"
2826082,"chenzq360"
2829474,"wanglezi"
2832492,"RobertGiff"
2839523,"LouisChang"
2843158,"zxm1231"
2845853,"Hackforid"
2850523,"lzl124631x"
2851730,"cdluminate"
2852425,"markwithk"
2858877,"jingbowang"
2860295,"mtunique"
2862823,"wangyichao"
2870501,"cubarco"
2878461,"applenele"
2885191,"kuyapp"
2890436,"GeekZooStudio"
2890569,"Consoar"
2892142,"adoo23"
2897192,"sumiplus"
2897483,"hujiaweibujidao"
2899875,"wongsyrone"
2904823,"tonglanli"
2912379,"candywow"
2912889,"prajnamort"
2917676,"Sunnyyoung"
2919734,"ptpt52"
2920564,"morenn520"
2920676,"daisychu"
2924588,"candycat1992"
2925106,"tianyaqu"
2926613,"netenhui"
2943507,"Hawaiii"
2949005,"raynald"
2951741,"xuxinpie"
2952448,"KangbingZhao"
2952777,"shiraihii"
2954136,"chenshu-sjtu"
2961254,"lanxuezaipiao"
2968353,"error202"
2981789,"chanshunli"
2983034,"Jecvay"
2986672,"sarahsumm"
2987452,"vitorsvieira"
2987543,"lord63"
2991400,"andrewiiird"
2994104,"dongxinb"
2994820,"deofly"
3000926,"binss"
3002862,"oilover"
3008222,"facecord"
3009552,"zhjpaul"
3009718,"RoyXue"
3018474,"Ac2zoom"
3020179,"JoshuaZe"
3021796,"iplus26"
3021798,"gongzili456"
3023650,"yuhc"
3024820,"zddhub"
3032976,"wgtdkp"
3033338,"chaomai"
3034912,"Azard"
3038440,"imvman"
3039311,"jysperm"
3040839,"lanmaoac"
3044668,"bmillwood"
3046113,"wofeicaoge"
3048473,"zhw2590582"
3048804,"ProgramCaiCai"
3053828,"c9n"
3062719,"George-Zhu"
3067527,"GYZHikari"
3072101,"shijiaxin"
3077113,"rjl493456442"
3092268,"z3t1"
3096509,"Aihaike"
3102423,"YudingZhou"
3102589,"RodgeFu"
3102864,"julycoding"
3105083,"reedes"
3106561,"jeff-ouyang"
3108444,"hankcs"
3110118,"cherryPotter"
3120016,"endernewton"
3123342,"zjsjknd"
3126414,"owickstrom"
3135041,"favoorr"
3143705,"ailurus1991"
3144151,"eclipsegst"
3145184,"October22"
3145244,"binhe22"
3146139,"rueian"
3148103,"alex-cory"
3148794,"lovejavaee"
3151145,"he0119"
3152897,"cblsjtu"
3154622,"MingcongBai"
3154731,"panye"
3155269,"NoListen"
3156091,"kolf"
3157508,"polyzen"
3161664,"bipedd"
3164465,"qqq6301"
3170635,"peakwinter"
3171212,"iSawyer"
3175224,"yexiaochai"
3176665,"shike-me"
3177028,"cncoder"
3183684,"flyhighzy"
3183899,"mingkaidox"
3189238,"weijinshi"
3192483,"linhua55"
3199899,"kbicknell"
3207423,"zhiyu-he"
3208096,"dubuqingfeng"
3209219,"wangchuanchuan"
3215700,"ailzhang"
3221502,"Giumo"
3234748,"zhangxin0804"
3238333,"Mithril0rd"
3243381,"micln"
3246744,"hanziwang"
3247942,"xy3613"
3248548,"luckiday"
3250296,"NdYAG"
3258913,"Kagamine"
3276861,"quininer"
3279399,"taineleau"
3283939,"scuxiayiqian"
3295400,"RogerFederer03"
3313351,"minyale"
3313862,"racaljk"
3317045,"potaty"
3320495,"maedoc"
3322165,"tqchen"
3325514,"gabrielbull"
3325649,"TsaiLeoRun"
3331695,"zhangdroid"
3332875,"zhaochenyou"
3333230,"siriulx"
3334377,"felixfaire"
3337054,"nicball"
3349888,"pzz2011"
3354174,"SleepyToDeath"
3355222,"jerryjiahaha"
3356691,"yawkity"
3358179,"akanarika"
3365387,"ipizwang"
3370260,"brantxiong"
3378480,"majineu"
3394657,"Unisolate"
3398759,"CH3CHO"
3400072,"FreemanHsu"
3406028,"andrewssobral"
3406172,"AmbBAI"
3418862,"LeoJacob"
3426431,"frankxu2004"
3429879,"Allen3"
3447196,"Eskibear"
3448694,"shaohaolin"
3451432,"Sorrow17"
3452073,"MonkeyLeeT"
3453814,"hyln9"
3457813,"supermarin"
3459951,"elega"
3467052,"DingSoung"
3471022,"aaronke"
3475384,"pwwpcheng"
3482050,"LJ001"
3484120,"rajshah4"
3492935,"NowOrNever"
3493319,"zzxuanran"
3493645,"UncleJimmy"
3493823,"Wiki616"
3494468,"harryprince"
3495171,"LeoTsui"
3495416,"s684373"
3495788,"jleclanche"
3499247,"TwIStOy"
3499355,"dyleo"
3502958,"huangzhengsjtu"
3504570,"ztuowen"
3513568,"etrulls"
3517403,"DanTiana"
3519899,"callmewhy"
3526258,"MingMingCheng"
3526806,"rubylou"
3531925,"MidoriYakumo"
3538500,"happyjane"
3541845,"thotmx"
3546449,"yuzhou627"
3548448,"langdamao"
3548904,"diony31"
3548905,"timchenyx"
3558043,"deerlux"
3563034,"JasonDing1354"
3564691,"martinstojcevski5"
3576064,"tiansh"
3578531,"mljli"
3578709,"ichengde"
3579224,"ilpianista"
3580918,"egrcc"
3581721,"bosswee"
3582239,"daniyuu"
3582882,"bwdeng"
3596019,"sabanana"
3599579,"StormSpirit22"
3599597,"zxjsdp"
3605766,"lyc1102"
3607838,"CodingYue"
3608199,"tigerneil"
3618999,"Cococ"
3623737,"Qiwihui"
3626872,"compasty"
3626931,"cchao"
3627857,"cluo29"
3628324,"adrifelt"
3629732,"jdneo"
3629839,"xplorld"
3635469,"fairylrt"
3636380,"etolew"
3639523,"tinkerZf"
3639855,"shwley"
3639861,"xFelino"
3642296,"FormatMemory"
3642873,"crccw"
3653026,"JeffDing"
3653103,"RainVector"
3661390,"coko156"
3662727,"huicpc0215"
3671196,"longjingjun"
3676213,"wengxt"
3682702,"tommy0521"
3684530,"js345"
3688526,"dakshika"
3688872,"MichalPaszkiewicz"
3695242,"xiashali"
3695304,"weiqian"
3698616,"mfmelody"
3699138,"jellydengjiali"
3703722,"runshenzhu"
3706574,"izgzhen"
3707173,"qweeah"
3707847,"hongxin"
3710839,"PeiLiu90"
3715291,"13hoop"
3715871,"Kaijun"
3732701,"RoadsInFarAway"
3733902,"Water-Drop"
3746339,"EmilyZhou11"
3747047,"rayanaguisanda"
3754453,"zyqhi"
3755116,"copycatx5"
3755759,"mthli"
3757550,"pranavlathigara"
3758747,"Chih7"
3759170,"fzdabc"
3762820,"YongHaoWu"
3763695,"paddingme"
3765143,"JoeyTawadrous"
3765597,"peachwang"
3766781,"bill125"
3772397,"vicai"
3772862,"Live2Learn"
3776365,"studiovc"
3777931,"fangda4281"
3783285,"8cbx"
3792185,"fatedier"
3793446,"LifeMatrix"
3795406,"Meteorix"
3796042,"tfhavingfun"
3796118,"kishanexports"
3796670,"JohnChuan"
3800820,"BruceWoR"
3801808,"cheezer"
3803575,"YeXiaoRain"
3805966,"venero"
3811335,"loccs-spring"
3812576,"GuillaumeGomez"
3814036,"liuruogu"
3814321,"TaurusXi"
3814572,"reignian"
3820421,"Hs-Yeah"
3822486,"fotile96"
3822911,"jasonleaster"
3823489,"superpoweredSDK"
3830187,"farwish"
3832537,"monkeyhou"
3833244,"lhjncut"
3834335,"SkyZH"
3845997,"helloyingying"
3850131,"yabooc"
3854910,"sunbc0120"
3866351,"seusofthd"
3867740,"hanbang-wang"
3870365,"OkabeRintarou"
3875667,"ycaihua"
3878252,"BabysbreathJJ"
3878943,"sonkey"
3880131,"TinaC"
3880220,"GKuChan"
3882770,"tribody"
3882908,"shijiebei2009"
3885912,"hanzhou"
3886397,"ewang1986"
3886944,"wishyouhappy"
3887553,"zhuozhongcao"
3889899,"dtysky"
3905892,"izmntuk"
3913845,"mathcyang"
3916902,"dailinsubjam"
3919655,"hangliny"
3923552,"Fla92"
3924641,"ruochenlyu"
3928559,"Eureka6174"
3928560,"TJUJer"
3930527,"geeeeeeeeek"
3935143,"ChunHungLiu"
3940918,"ltebean"
3940975,"JieW"
3941138,"DannyVim"
3941145,"focuschou"
3941909,"snowson"
3946283,"jeticg"
3946828,"yijun1171"
3951697,"Hill1942"
3954320,"wongzigii"
3954875,"yuan3y"
3959402,"halimacc"
3962133,"younisd"
3964306,"wall2flower"
3967866,"jez"
3974734,"ohmystack"
3978310,"xywy1992"
3978553,"Frank-Zhu"
3983165,"power321"
3989329,"beautifularea"
4003801,"EndlessCheng"
4008855,"ddslayers"
4008856,"jingwang79"
4010926,"GuoLindong"
4013940,"amlord"
4032068,"zhangkeplus"
4033487,"JeremylWu"
4034321,"wangdongming007"
4034466,"JessicaDong"
4036822,"wyorgb"
4038167,"zhangruichang"
4067092,"Acodebitch"
4081097,"wolfhong"
4082399,"arrival"
4096007,"iseriohn"
4098157,"bloodycoder"
4099126,"tcbbd"
4106434,"tankgit"
4106986,"jzjsuper"
4108549,"dianeliu21"
4116787,"vanqyard"
4121812,"tutulove1234"
4162388,"phil-lopreiato"
4189582,"nopyhe"
4203089,"kexuan"
4242601,"Aquariuslt"
4248300,"LQYMGT"
4250217,"khl0798"
4255988,"7sDream"
4272421,"zxl20zxl"
4273513,"polossk"
4281135,"forrestchang"
4282726,"xiw9"
4285821,"nemozqqz"
4293281,"francischan714"
4295020,"az196560"
4296145,"qqfly"
4298283,"shunfang"
4298595,"drduan"
4306727,"guodont"
4307131,"xuchaoxikb"
4310266,"fademind"
4312221,"SyncShinee"
4313589,"xyguo"
4341321,"yzgysjr"
4372860,"BrotherJing"
4375141,"xfei6868"
4397935,"Andrew-liu"
4398039,"yatyricky"
4412603,"uglyname"
4430454,"TimeCompass"
4431092,"mars00772"
4432603,"zwyuan"
4434062,"pallxk"
4443509,"zackszhu"
4456220,"cijianzy"
4458212,"bruesky"
4459930,"libinggen"
4468029,"changcheng1989"
4471206,"caitong93"
4481779,"Jungyhuk"
4482455,"mohamed-moanis"
4486127,"JerryLX"
4488709,"gfl94"
4489587,"VictorKostyukov"
4492713,"guoyanchang"
4522436,"zhangQP"
4538442,"WPH95"
4538705,"xiaomeixw"
4541056,"WangGuangxin"
4549342,"Keerecles"
4564578,"bohaoist"
4589426,"mortal123"
4591395,"htfy96"
4592321,"imwower"
4596439,"Nano1994"
4600971,"swaylq"
4624572,"Ganiks"
4625956,"pingplug"
4628839,"jiangnanHugo"
4628993,"morningmoni"
4629539,"isaacpei"
4631864,"SYSU-EndOfFile"
4634887,"zhenximi"
4636451,"daiszh"
4643096,"eggeek"
4647958,"samsaray"
4648715,"imbdb"
4649279,"bifeng"
4649477,"bigpyer"
4665810,"OrcaXS"
4666200,"wfnuser"
4666202,"LinkinHearT"
4666969,"PanruifengWawa"
4684683,"LKI"
4700549,"vikitripathi"
4701566,"lsdlab"
4705764,"Lquartz"
4708287,3013216027
4711323,"LastAvenger"
4711348,"Mithrilwoodrat"
4713263,"taggaara"
4716975,"shawngaocn"
4719105,"RambotZhong"
4722243,"NilStack"
4725479,"typcn"
4742892,"klnchu"
4763098,"EricLion"
4765315,"hibazinga"
4766949,"anang0g0"
4769987,"deagon"
4771987,"ArielDemian"
4773532,"SilentAlice"
4782248,"lele94218"
4847310,"IvyZX"
4849450,"iFighting"
4851675,"zzh699"
4862617,"lixingcong"
4867663,"jzj1993"
4880649,"DIYgod"
4880885,"diegowangyz"
4881901,"lolisa"
4887435,"jusonalien"
4888101,"tmthrgd"
4900241,"RealMeower"
4907067,"Awcrr"
4911980,"haishanh"
4912428,"pirlck"
4933107,"XfLoops"
4933412,"ctrj5xdmwds"
4935785,"chivalrousS"
4940051,"devindopa"
4942717,"KunMei"
4943045,"maxlpy"
4956460,"FbiGun"
4964899,"biegoo"
4966088,"mrmiywj"
4982519,"debug-your-smile"
4985099,"CrazyCoder4Carrot"
4993494,"yuanlu-0"
4994038,"cuterxy"
4994550,"jungleczj"
4995579,"yongtang"
5001037,"noname007"
5004358,"DarkForte"
5006169,"svetlemodry"
5007114,"TrustyWolf"
5009841,"esrever10"
5011623,"chrischensy"
5013499,"panxw"
5014736,"ovwane"
5029485,"1dot75cm"
5045042,"akmoose"
5051061,"SooWhat"
5061852,"jinzhao1994"
5068048,"ckpwinters"
5068257,"PaoloAlborghetti"
5075098,"menghuan007"
5076635,"qingfengmy"
5076745,"stephenhuh"
5078395,"catlittlechen"
5078863,"EastonWang"
5080426,"abcwangxiang"
5081596,"somonus"
5090102,"George78"
5090417,"ymh1232001"
5094785,"JayYangSS"
5097878,"FrankWalter"
5099407,"zhixiangli"
5109833,"XIAZY"
5115623,"kikiyu"
5116396,"codeworm96"
5120681,"kuroguo"
5121187,"terryjameswang"
5126736,"polar9527"
5134654,"zhuyf8899"
5144961,"fangyizhu"
5145885,"vendisky"
5160152,"sjdy521"
5164211,"erichuang1994"
5259640,"Hermes777"
5291085,"heray1990"
5291960,"hxh-robb"
5311161,"Allianzcortex"
5338584,"shiyanlou"
5389659,"secondwtq"
5401247,"Tony-Zhang03"
5406387,"zeling"
5420417,"evshiron"
5424571,"lucklove"
5425017,"ShaoqingRen"
5430733,"sjtubinlong"
5434738,"kumasento"
5452479,"liuyidi"
5454068,"jonathenzc"
5455929,"Pakhaliuk"
5459652,"HanyunXu"
5461638,"sasafl"
5467552,"Fengdalu"
5472107,"auntyellow"
5476490,"wuwing"
5476620,"EricDiao"
5479663,"benji0818"
5481190,"GarfieldEr007"
5482523,"Leviathan1995"
5482805,"sh3dow"
5482986,"trcnkq"
5489264,"keambar"
5497214,"zjyjer"
5499259,"HolyChen"
5507898,"zgcmx2011"
5521243,"rokiyer"
5528110,"linhao1990"
5528464,"a45154630"
5540973,"kdplus"
5545516,"BluedingAnes"
5546498,"RominYue"
5548521,"otnt"
5550392,"tisjune"
5562093,"lizhuoli1126"
5565478,"wendy2003888"
5583880,"xinqiu"
5585414,"Xphate"
5586420,"filon7"
5603335,"silencious"
5622270,"bigunclesuo"
5661605,"Arthur2e5"
5661794,"pisual"
5664644,"h4rdy"
5664746,"LuckyTiger"
5664804,"mrbeann"
5682599,"purplebamboo"
5683199,"shipengfei92"
5688527,"elnx"
5690011,"Icenowy"
5690404,"imargon"
5693060,"bitwing"
5702892,"caoyilun"
5702894,"ZhongMingZhongMing"
5702895,"GaoYingGRE"
5702896,"zhr0803"
5705010,"MarvelICY"
5709803,"bannedbook"
5710129,"rswier"
5722461,"mingoahead"
5726456,"Matafight"
5736226,"stone-SJH"
5744279,"SalamanderJY"
5747821,"LimitW"
5751693,"moretimes"
5757487,"yidongliu"
5764707,"JingkaiTang"
5766583,"OTLFrostA"
5766952,"100apps"
5768910,"Nonnonbiyori"
5770275,"decaywood"
5782325,"canonxu"
5782648,"samyuan1993"
5790101,"joyeecheung"
5797483,"xuxanwan"
5805052,"phodal"
5816231,"Okiilemon"
5819498,"ykelvis"
5830788,"lifengliu"
5846345,"Majirefy"
5860732,"Lynkzhang"
5864101,"DeanChensj"
5890781,"yinguohang"
5896728,"nicedemo"
5899148,"JShep1"
5913426,"JimmyCode2009"
5914830,"pwfee"
5923808,"haoqixu"
5923910,"yhzhang0128"
5930248,"ComMouse"
5930636,"FredGoo"
5936375,"qishiqing"
5937608,"liangzhenduo0608"
5941136,"redduck3"
5941366,"oulvhai"
5952862,"yank1"
5956845,4148
5958342,"Keith320"
5960675,"Nangcr"
5962503,"dbuildY"
5965947,"EvinceMoi"
5968229,"allencloud"
5978673,"YidaChen"
5978956,"johndpope"
5981704,"dc951015"
5982225,"NoteBookie"
5982862,"Nyloner"
5984851,"jiyujie880621"
5984881,"mr-ping"
5986203,"sidxiong"
5994137,"frozenxia"
5997449,"caoyu0"
5999117,"calmprince"
